Trip ID	person id	Name	Tour	Sequence	place id	Start	End	Abroad	Duration
1.0	1.0	Talman, John	1.0	1.0	87.0	1699	1702	0.0	37.0
2.0	1.0	Talman, John	2.0	2.0	50.0	1709-10-15		0.0	1.0
3.0	1.0	Talman, John	2.0	3.0	75.0	1709-10-20		0.0	1.0
4.0	1.0	Talman, John	2.0	4.0	37.0	1709-11-18	1710-04-01	0.0	5.0
5.0	1.0	Talman, John	2.0	4.1	53.0			0.0	1.0
6.0	1.0	Talman, John	2.0	4.2	76.0			0.0	1.0
7.0	1.0	Talman, John	2.0	5.0	87.0	1710-04-01		0.0	1.0
8.0	1.0	Talman, John	2.0	6.0	65.0	1710-10-08	1710-12-01	0.0	2.0
9.0	1.0	Talman, John	2.0	7.0	87.0	1710-12-27		0.0	1.0
10.0	1.0	Talman, John	2.0	8.0	37.0	1711-01-01		0.0	1.0
11.0	1.0	Talman, John	2.0	9.0	87.0	1711-05-01	1712-11-01	0.0	19.0
12.0	1.0	Talman, John	2.0	10.0	83.0	1713		0.0	1.0
13.0	1.0	Talman, John	2.0	11.0	70.0	1713-02-12		0.0	1.0
14.0	1.0	Talman, John	2.0	12.0	87.0		1713-06-01	0.0	1.0
15.0	1.0	Talman, John	2.0	13.0	106.0	1714-09-01		0.0	1.0
16.0	1.0	Talman, John	2.0	14.0	70.0	1714-09-01		0.0	1.0
17.0	1.0	Talman, John	2.0	15.0	87.0	1714-11-01	1715-04-01	0.0	6.0
18.0	1.0	Talman, John	2.0	16.0	106.0	1715-05-31		0.0	1.0
19.0	1.0	Talman, John	2.0	17.0	37.0	1715-07-20	1715-10-11	0.0	1.0
20.0	1.0	Talman, John	2.0	18.0	87.0	1716-03-01	1716-06-01	0.0	4.0
21.0	1.0	Talman, John	2.0	19.0	70.0	1716-09-01		0.0	1.0
22.0	1.0	Talman, John	2.0	20.0	87.0	1717-02-01		0.0	1.0
23.0	1.0	Talman, John	3.0	1.0	106.0	1719	1719	0.0	1.0
24.0	1.0	Talman, John	4.0	1.0	87.0	1721	1721	0.0	1.0
25.0	1.0	Talman, John	5.0	1.0	87.0	1723	1723	0.0	1.0
26.0	1.0	Talman, John	5.0	2.0	64.0	1723	1723	0.0	1.0
27.0	10.0	Robinson, Thomas	1.0	1.0	102.0	1729-10-28		0.0	1.0
28.0	10.0	Robinson, Thomas	1.0	2.0	43.0			0.0	1.0
29.0	10.0	Robinson, Thomas	1.0	3.0	57.0			0.0	1.0
30.0	10.0	Robinson, Thomas	1.0	4.0	37.0	1729-12-25		0.0	1.0
31.0	10.0	Robinson, Thomas	1.0	5.0	87.0	1730-01-26		0.0	1.0
32.0	10.0	Robinson, Thomas	1.0	6.0	65.0	1730-03-31		0.0	1.0
33.0	10.0	Robinson, Thomas	1.0	7.0	87.0	1730-04-08	1730-05-07	0.0	2.0
34.0	10.0	Robinson, Thomas	1.0	8.0	70.0	1730-05-30		0.0	1.0
35.0	11.0	Ware, Isaac	1.0	1.0	47.0			0.0	1.0
36.0	12.0	Moyser, Col. James	1.0	2.0	65.0			0.0	1.0
37.0	12.0	Moyser, Col. James	1.0	3.0	37.0	1742-05-01		0.0	1.0
38.0	13.0	Morris, Roger	1.0	1.0	37.0			0.0	1.0
39.0	13.0	Morris, Roger	1.0	2.0	107.0			0.0	1.0
40.0	13.0	Morris, Roger	1.0	3.0	108.0			0.0	1.0
41.0	13.0	Morris, Roger	1.0	4.0	106.0			0.0	1.0
42.0	13.0	Morris, Roger	2.0	1.0	106.0	1744	1744	0.0	1.0
43.0	13.0	Morris, Roger	2.0	2.0	70.0	1744	1744	0.0	1.0
44.0	14.0	Clerk, James	1.0	1.0	37.0	1732		0.0	1.0
45.0	14.0	Clerk, James	1.0	2.0	75.0	1732-11-01		0.0	1.0
46.0	14.0	Clerk, James	1.0	3.0	87.0			0.0	1.0
47.0	15.0	Dingley, Robert	1.0	1.0	37.0	1733-01-31	1733-03-28	0.0	3.0
48.0	15.0	Dingley, Robert	1.0	2.0	87.0		1734-04-01	0.0	1.0
49.0	15.0	Dingley, Robert	1.0	3.0	70.0	1734-04-13		0.0	1.0
50.0	15.0	Dingley, Robert	1.0	4.0	106.0	1734-04-30		0.0	1.0
51.0	16.0	Newdigate, Sir Roger	1.0	2.0	43.0	1739-09-14		0.0	1.0
52.0	16.0	Newdigate, Sir Roger	1.0	3.0	50.0			0.0	1.0
53.0	16.0	Newdigate, Sir Roger	1.0	4.0	37.0	1739-10-01	1739-12-14	0.0	4.0
54.0	16.0	Newdigate, Sir Roger	1.0	5.0	87.0	1739-12-01	1740-05-01	0.0	6.0
55.0	16.0	Newdigate, Sir Roger	1.0	6.0	17.0			0.0	1.0
56.0	16.0	Newdigate, Sir Roger	1.0	7.0	105.0			0.0	1.0
57.0	16.0	Newdigate, Sir Roger	1.0	8.0	57.0			0.0	1.0
58.0	16.0	Newdigate, Sir Roger	1.0	9.0	102.0			0.0	1.0
59.0	16.0	Newdigate, Sir Roger	2.0	2.0	57.0	1774-10-04		0.0	1.0
60.0	16.0	Newdigate, Sir Roger	2.0	3.0	72.0	1774-10-13		0.0	1.0
61.0	16.0	Newdigate, Sir Roger	2.0	4.0	37.0	1774-10-27	1774-12-19	0.0	3.0
62.0	16.0	Newdigate, Sir Roger	2.0	5.0	90.0	1774-12-19		0.0	1.0
63.0	16.0	Newdigate, Sir Roger	2.0	6.0	87.0	1774-12-24	1775-05-08	0.0	6.0
64.0	16.0	Newdigate, Sir Roger	2.0	7.0	65.0	1775-05-20	1775-06-27	0.0	2.0
65.0	16.0	Newdigate, Sir Roger	2.0	8.0	87.0	1775-06-29	1775-07-13	0.0	2.0
66.0	16.0	Newdigate, Sir Roger	2.0	9.0	74.0	1775-07-17		0.0	1.0
67.0	16.0	Newdigate, Sir Roger	2.0	10.0	85.0	1775-07-23		0.0	1.0
68.0	16.0	Newdigate, Sir Roger	2.0	11.0	83.0	1775-07-24		0.0	1.0
69.0	16.0	Newdigate, Sir Roger	2.0	12.0	106.0	1775-07-26	1775-08-06	0.0	2.0
70.0	16.0	Newdigate, Sir Roger	2.0	13.0	70.0	1775-08-07		0.0	1.0
71.0	16.0	Newdigate, Sir Roger	2.0	14.0	107.0	1775-08-10		0.0	1.0
72.0	16.0	Newdigate, Sir Roger	2.0	15.0	19.0	1775-09-14		0.0	1.0
73.0	16.0	Newdigate, Sir Roger	2.0	16.0	15.0	1775-09-17		0.0	1.0
74.0	16.0	Newdigate, Sir Roger	2.0	17.0	57.0	1775-09-19		0.0	1.0
75.0	16.0	Newdigate, Sir Roger	2.0	18.0	102.0	1775-10-05		0.0	1.0
76.0	17.0	Taylor, Robert	1.0	1.0	87.0	1742	1742	0.0	1.0
77.0	18.0	Revett, Nicholas	1.0	2.0	50.0			0.0	1.0
78.0	18.0	Revett, Nicholas	1.0	3.0	87.0	1745	1750-03-01	0.0	63.0
79.0	18.0	Revett, Nicholas	1.0	3.1	65.0	1748-04-01		0.0	1.0
80.0	18.0	Revett, Nicholas	1.0	4.0	106.0	1750-05-01		0.0	1.0
81.0	18.0	Revett, Nicholas	1.0	5.0	77.0			0.0	1.0
82.0	18.0	Revett, Nicholas	1.0	6.0	106.0		1751-01-01	0.0	1.0
83.0	18.0	Revett, Nicholas	1.0	7.0	119.0			1.0	1.0
84.0	19.0	Stuart, James 'Athenian'	1.0	1.0	87.0	1742		0.0	1.0
85.0	19.0	Stuart, James 'Athenian'	1.0	2.0	65.0	1748-04-01		0.0	1.0
86.0	19.0	Stuart, James 'Athenian'	1.0	3.0	87.0	1748	1750-03-01	0.0	27.0
87.0	19.0	Stuart, James 'Athenian'	1.0	4.0	106.0	1750-05-01	1751-01-19	0.0	10.0
88.0	19.0	Stuart, James 'Athenian'	1.0	5.0	77.0			0.0	1.0
89.0	19.0	Stuart, James 'Athenian'	1.0	6.0	106.0		1751-01-01	0.0	1.0
90.0	19.0	Stuart, James 'Athenian'	1.0	7.0	119.0			1.0	1.0
91.0	2.0	Fountaine, Sir Andrew	1.0	1.0	106.0	1702		0.0	1.0
92.0	2.0	Fountaine, Sir Andrew	1.0	2.0	70.0	1702-03-20		0.0	1.0
93.0	2.0	Fountaine, Sir Andrew	1.0	3.0	87.0	1702-04-05	1702-06-01	0.0	2.0
94.0	2.0	Fountaine, Sir Andrew	2.0	1.0	102.0	1715-08-01		0.0	1.0
95.0	2.0	Fountaine, Sir Andrew	2.0	2.0	37.0	1715-10-01		0.0	1.0
96.0	2.0	Fountaine, Sir Andrew	2.0	3.0	87.0	1716-01-14	1716-04-01	0.0	3.0
97.0	2.0	Fountaine, Sir Andrew	2.0	4.0	106.0	1716-05-01	1716-09-26	0.0	6.0
98.0	2.0	Fountaine, Sir Andrew	2.0	5.0	70.0	1716-09-30		0.0	1.0
99.0	20.0	Paine, James	1.0	1.0	87.0			0.0	1.0
100.0	20.0	Paine, James	1.0	2.0	105.0	1755-08-01	1756-09-01	0.0	14.0
101.0	21.0	Paine, James	1.0	1.0	87.0	1766		0.0	1.0
102.0	21.0	Paine, James	1.0	0.0	97.0			0.0	1.0
103.0	21.0	Paine, James	1.0	0.0	25.0			0.0	1.0
104.0	21.0	Paine, James	1.0	2.0	37.0	1767-01-01		0.0	1.0
105.0	21.0	Paine, James	1.0	3.0	65.0	1767		0.0	1.0
106.0	21.0	Paine, James	1.0	0.0	131.0	1767		0.0	1.0
107.0	21.0	Paine, James	1.0	4.0	106.0	1769		0.0	1.0
108.0	21.0	Paine, James	2.0	1.0	102.0	1774-01-07		0.0	1.0
109.0	21.0	Paine, James	2.0	2.0	87.0	1774-02-03	1774	0.0	1.0
110.0	22.0	Willis	1.0	1.0	87.0	1755	1755	0.0	1.0
111.0	23.0	Mills	1.0	1.0	87.0	1756	1759	0.0	37.0
112.0	24.0	Robinson, Hon. Thomas	1.0	1.0	102.0	1759-08-01	1759-11-12	0.0	5.0
113.0	24.0	Robinson, Hon. Thomas	1.0	2.0	43.0			0.0	1.0
114.0	24.0	Robinson, Hon. Thomas	1.0	3.0	57.0	1759-12-01		0.0	1.0
115.0	24.0	Robinson, Hon. Thomas	1.0	4.0	37.0			0.0	1.0
116.0	24.0	Robinson, Hon. Thomas	1.0	5.0	65.0	1760-01-01		0.0	1.0
117.0	24.0	Robinson, Hon. Thomas	1.0	6.0	87.0	1760-02-01	1760-08-01	0.0	7.0
118.0	24.0	Robinson, Hon. Thomas	1.0	7.0	72.0			0.0	1.0
119.0	24.0	Robinson, Hon. Thomas	1.0	8.0	37.0	1760-09-01		0.0	1.0
120.0	24.0	Robinson, Hon. Thomas	1.0	9.0	43.0			0.0	1.0
121.0	24.0	Robinson, Hon. Thomas	1.0	10.0	106.0	1760-11-04	1761-04-01	0.0	5.0
122.0	25.0	Dance, George	1.0	2.0	37.0			0.0	1.0
123.0	25.0	Dance, George	1.0	3.0	87.0	1759-05-01	1761-04-20	0.0	25.0
124.0	25.0	Dance, George	1.0	4.0	3.0	1761-04-20	1761-05-01	0.0	1.0
125.0	25.0	Dance, George	1.0	5.0	87.0	1761-06-01		0.0	1.0
126.0	25.0	Dance, George	1.0	6.0	97.0	1761-10-01		0.0	1.0
127.0	25.0	Dance, George	1.0	7.0	97.0	1762		0.0	1.0
128.0	25.0	Dance, George	1.0	8.0	65.0	1764-06-01		0.0	1.0
129.0	26.0	Wyatt, James	1.0	1.0	106.0	1762-10-20	1764	0.0	15.0
130.0	26.0	Wyatt, James	1.0	2.0	87.0			0.0	1.0
131.0	27.0	Bretthingham, Matthew	1.0	2.0	87.0	1748-04-14	1754-06-01	0.0	74.0
132.0	27.0	Bretthingham, Matthew	1.0	2.1	65.0	1748-04-01		0.0	1.0
133.0	27.0	Bretthingham, Matthew	1.0	3.0	106.0			0.0	1.0
134.0	27.0	Bretthingham, Matthew	1.0	4.0	108.0	1754-08-08		0.0	1.0
135.0	28.0	Nasmyth, Alexander	1.0	2.0	87.0	1783-04-01	1784-08-01	0.0	17.0
136.0	28.0	Nasmyth, Alexander	1.0	0.0	37.0			0.0	1.0
137.0	28.0	Nasmyth, Alexander	1.0	0.0	17.0			0.0	1.0
138.0	28.0	Nasmyth, Alexander	1.0	0.0	70.0			0.0	1.0
139.0	28.0	Nasmyth, Alexander	1.0	0.0	65.0			0.0	1.0
140.0	28.0	Nasmyth, Alexander	1.0	0.0	121.0			0.0	1.0
141.0	29.0	Chambers, William	1.0	1.0	87.0	1750-11-01	1752	0.0	15.0
142.0	29.0	Chambers, William	1.0	3.0	37.0	1752-12-01	1753-01-01	0.0	2.0
143.0	29.0	Chambers, William	1.0	4.0	87.0	1753-02-10	1755-04-01	0.0	26.0
144.0	29.0	Chambers, William	1.0	0.0	65.0			0.0	1.0
145.0	29.0	Chambers, William	1.0	0.0	17.0			0.0	1.0
146.0	29.0	Chambers, William	1.0	0.0	106.0			0.0	1.0
147.0	29.0	Chambers, William	1.0	0.0	108.0			0.0	1.0
148.0	29.0	Chambers, William	1.0	0.0	43.0			0.0	1.0
149.0	29.0	Chambers, William	1.0	0.0	57.0			0.0	1.0
150.0	29.0	Chambers, William	1.0	0.0	102.0			0.0	1.0
151.0	3.0	Gibbs, James	1.0	1.0	87.0	1703	1708	0.0	61.0
152.0	30.0	Riou, Stephen	1.0	1.0	65.0			0.0	1.0
153.0	30.0	Riou, Stephen	1.0	2.0	24.0			0.0	1.0
154.0	30.0	Riou, Stephen	1.0	3.0	87.0	1750-12-19	1750-12-30	0.0	1.0
155.0	30.0	Riou, Stephen	1.0	5.0	106.0			0.0	1.0
156.0	30.0	Riou, Stephen	1.0	6.0	108.0			0.0	1.0
157.0	30.0	Riou, Stephen	1.0	7.0	37.0			0.0	1.0
158.0	30.0	Riou, Stephen	1.0	8.0	87.0	1752	1753-03-07	0.0	16.0
159.0	30.0	Riou, Stephen	1.0	9.0	65.0	1753-03-08	1753-04-13	0.0	2.0
160.0	30.0	Riou, Stephen	1.0	9.1	131.0			0.0	1.0
161.0	30.0	Riou, Stephen	1.0	9.2	124.0			0.0	1.0
162.0	30.0	Riou, Stephen	1.0	9.3	112.0			0.0	1.0
163.0	30.0	Riou, Stephen	1.0	9.4	116.0			0.0	1.0
164.0	30.0	Riou, Stephen	1.0	9.5	111.0			0.0	1.0
165.0	30.0	Riou, Stephen	1.0	10.0	114.0	1754-02-01		1.0	1.0
166.0	30.0	Riou, Stephen	1.0	0.0	97.0			0.0	1.0
167.0	30.0	Riou, Stephen	1.0	0.0	41.0			0.0	1.0
168.0	30.0	Riou, Stephen	1.0	0.0	56.0			0.0	1.0
169.0	30.0	Riou, Stephen	1.0	0.0	1.0			0.0	1.0
170.0	30.0	Riou, Stephen	1.0	0.0	44.0			0.0	1.0
171.0	30.0	Riou, Stephen	1.0	11.0	65.0	1753-03-08	1753-04-13	0.0	2.0
172.0	30.0	Riou, Stephen	1.0	11.1	131.0			0.0	1.0
173.0	30.0	Riou, Stephen	1.0	11.2	124.0			0.0	1.0
174.0	30.0	Riou, Stephen	1.0	11.3	112.0			0.0	1.0
175.0	30.0	Riou, Stephen	1.0	11.4	116.0			0.0	1.0
176.0	30.0	Riou, Stephen	1.0	11.5	111.0			0.0	1.0
177.0	31.0	Adam, Robert	1.0	3.0	43.0	1755-01-09		0.0	1.0
178.0	31.0	Adam, Robert	1.0	4.0	50.0			0.0	1.0
179.0	31.0	Adam, Robert	1.0	5.0	75.0			0.0	1.0
180.0	31.0	Adam, Robert	1.0	6.0	37.0	1755-01-30	1755-02-20	0.0	2.0
181.0	31.0	Adam, Robert	1.0	7.0	90.0			0.0	1.0
182.0	31.0	Adam, Robert	1.0	8.0	87.0	1755-02-24	1755-04-01	0.0	2.0
183.0	31.0	Adam, Robert	1.0	9.0	65.0	1755-04-01		0.0	1.0
184.0	31.0	Adam, Robert	1.0	9.1	112.0			0.0	1.0
185.0	31.0	Adam, Robert	1.0	9.2	117.0			0.0	1.0
186.0	31.0	Adam, Robert	1.0	9.3	126.0			0.0	1.0
187.0	31.0	Adam, Robert	1.0	9.4	113.0			0.0	1.0
188.0	31.0	Adam, Robert	1.0	9.5	120.0		1755-04-20	0.0	1.0
189.0	31.0	Adam, Robert	1.0	10.0	87.0	1755-04-22	1755-09-13	0.0	6.0
190.0	31.0	Adam, Robert	1.0	11.0	23.0			0.0	1.0
191.0	31.0	Adam, Robert	1.0	12.0	66.0			0.0	1.0
192.0	31.0	Adam, Robert	1.0	13.0	95.0			0.0	1.0
193.0	31.0	Adam, Robert	1.0	14.0	92.0			0.0	1.0
194.0	31.0	Adam, Robert	1.0	15.0	85.0			0.0	1.0
195.0	31.0	Adam, Robert	1.0	16.0	83.0			0.0	1.0
196.0	31.0	Adam, Robert	1.0	17.0	87.0	1755-10-12	1756-06-01	0.0	8.0
197.0	31.0	Adam, Robert	1.0	18.0	91.0	1755-06-01		0.0	1.0
198.0	31.0	Adam, Robert	1.0	19.0	87.0	1755-06-01	1757-05-01	0.0	24.0
199.0	31.0	Adam, Robert	1.0	19.1	1.0	1756-10-01		0.0	1.0
200.0	31.0	Adam, Robert	1.0	20.0	37.0	1757-05-01		0.0	1.0
201.0	31.0	Adam, Robert	1.0	21.0	17.0			0.0	1.0
202.0	31.0	Adam, Robert	1.0	22.0	70.0	1757-06-23		0.0	1.0
203.0	31.0	Adam, Robert	1.0	23.0	106.0	1757-07-06	1757-07-11	0.0	1.0
204.0	31.0	Adam, Robert	1.0	24.0	127.0	1757-07-22	1757-08-28	1.0	2.0
205.0	31.0	Adam, Robert	1.0	25.0	106.0	1757-09-11	1757-10-12	0.0	2.0
206.0	31.0	Adam, Robert	1.0	25.1	108.0			0.0	1.0
207.0	31.0	Adam, Robert	1.0	25.2	107.0			0.0	1.0
208.0	32.0	Mylne, William	1.0	2.0	30.0	1755-01-01		0.0	1.0
209.0	32.0	Mylne, William	1.0	3.0	87.0	1755-01-01	1757-07-01	0.0	31.0
210.0	32.0	Mylne, William	1.0	4.0	30.0			0.0	1.0
211.0	32.0	Mylne, William	1.0	5.0	50.0			0.0	1.0
212.0	32.0	Mylne, William	1.0	6.0	75.0			0.0	1.0
213.0	32.0	Mylne, William	1.0	7.0	37.0	1757-08-01		0.0	1.0
214.0	32.0	Mylne, William	1.0	8.0	17.0			0.0	1.0
215.0	32.0	Mylne, William	1.0	9.0	36.0			0.0	1.0
216.0	32.0	Mylne, William	1.0	10.0	106.0	1757-09-25		0.0	1.0
217.0	32.0	Mylne, William	1.0	11.0	70.0			0.0	1.0
218.0	32.0	Mylne, William	1.0	12.0	108.0	1757-11-01	1757-12-01	0.0	2.0
219.0	32.0	Mylne, William	1.0	13.0	63.0			0.0	1.0
220.0	32.0	Mylne, William	1.0	14.0	13.0			0.0	1.0
221.0	32.0	Mylne, William	1.0	15.0	106.0			0.0	1.0
222.0	32.0	Mylne, William	1.0	16.0	26.0			0.0	1.0
223.0	32.0	Mylne, William	1.0	17.0	100.0			0.0	1.0
224.0	32.0	Mylne, William	1.0	18.0	108.0	1758-01-13		0.0	1.0
225.0	32.0	Mylne, William	1.0	19.0	63.0			0.0	1.0
226.0	32.0	Mylne, William	1.0	20.0	107.0			0.0	1.0
227.0	33.0	Mylne, Robert	1.0	3.0	30.0	1755-01-01		0.0	1.0
228.0	33.0	Mylne, Robert	1.0	4.0	87.0	1755-01-01		0.0	1.0
229.0	33.0	Mylne, Robert	1.0	5.0	65.0	1755-05-01	1756-06-01	0.0	14.0
230.0	33.0	Mylne, Robert	1.0	6.0	87.0	1756-06-01		0.0	1.0
231.0	33.0	Mylne, Robert	1.0	7.0	65.0	1757-02-26		0.0	1.0
232.0	33.0	Mylne, Robert	1.0	8.0	89.0	1757-02-01	1757-06-01	0.0	5.0
233.0	33.0	Mylne, Robert	1.0	9.0	87.0	1757-08-01	1758-12-01	0.0	16.0
234.0	33.0	Mylne, Robert	1.0	9.1	97.0			0.0	1.0
235.0	33.0	Mylne, Robert	1.0	9.2	3.0			0.0	1.0
236.0	33.0	Mylne, Robert	1.0	10.0	90.0			0.0	1.0
237.0	33.0	Mylne, Robert	1.0	11.0	37.0			0.0	1.0
238.0	33.0	Mylne, Robert	1.0	12.0	75.0	1759-01-01		0.0	1.0
239.0	33.0	Mylne, Robert	1.0	13.0	50.0	1759-01-01		0.0	1.0
240.0	33.0	Mylne, Robert	1.0	14.0	87.0	1759-01-01	1759-04-06	0.0	5.0
241.0	33.0	Mylne, Robert	1.0	15.0	66.0			0.0	1.0
242.0	33.0	Mylne, Robert	1.0	16.0	95.0			0.0	1.0
243.0	33.0	Mylne, Robert	1.0	17.0	38.0			0.0	1.0
244.0	33.0	Mylne, Robert	1.0	18.0	74.0			0.0	1.0
245.0	33.0	Mylne, Robert	1.0	19.0	32.0			0.0	1.0
246.0	33.0	Mylne, Robert	1.0	20.0	4.0			0.0	1.0
247.0	33.0	Mylne, Robert	1.0	21.0	37.0			0.0	1.0
248.0	33.0	Mylne, Robert	1.0	22.0	17.0			0.0	1.0
249.0	33.0	Mylne, Robert	1.0	23.0	106.0	1759-05-01	1759-06-01	0.0	2.0
250.0	33.0	Mylne, Robert	1.0	24.0	70.0			0.0	1.0
251.0	33.0	Mylne, Robert	1.0	25.0	108.0			0.0	1.0
252.0	33.0	Mylne, Robert	1.0	26.0	107.0			0.0	1.0
253.0	33.0	Mylne, Robert	1.0	27.0	48.0			0.0	1.0
254.0	33.0	Mylne, Robert	1.0	28.0	19.0	1759-06-10		0.0	1.0
255.0	34.0	Byres, James	1.0	1.0	87.0	1758	1790	0.0	385.0
256.0	34.0	Byres, James	1.0	1.1	128.0	1766		0.0	1.0
257.0	34.0	Byres, James	1.0	1.2	71.0			0.0	1.0
258.0	34.0	Byres, James	1.0	1.3	21.0			0.0	1.0
259.0	34.0	Byres, James	1.0	1.4	84.0			0.0	1.0
260.0	34.0	Byres, James	1.0	1.5	89.0	1766-03-01		0.0	1.0
261.0	34.0	Byres, James	1.0	1.9	89.0	1781-04-01		0.0	1.0
262.0	34.0	Byres, James	1.0	2.0	106.0	1790-06-30	1790-07-03	0.0	1.0
263.0	35.0	Newborough, Thomas Wynn	1.0	1.0	102.0	1759-10-01	1759-11-12	0.0	3.0
264.0	35.0	Newborough, Thomas Wynn	1.0	2.0	43.0			0.0	1.0
265.0	35.0	Newborough, Thomas Wynn	1.0	3.0	57.0	1759-12-01		0.0	1.0
266.0	35.0	Newborough, Thomas Wynn	1.0	4.0	37.0			0.0	1.0
267.0	35.0	Newborough, Thomas Wynn	1.0	5.0	65.0	1760-01-01	1760-02-01	0.0	2.0
268.0	35.0	Newborough, Thomas Wynn	1.0	6.0	87.0	1760-02-01	1760-05-01	0.0	4.0
269.0	35.0	Newborough, Thomas Wynn	1.0	7.0	37.0	1760-05-25		0.0	1.0
270.0	35.0	Newborough, Thomas Wynn	1.0	8.0	17.0			0.0	1.0
271.0	35.0	Newborough, Thomas Wynn	1.0	9.0	106.0	1760-06-25		0.0	1.0
272.0	35.0	Newborough, Thomas Wynn	1.0	10.0	37.0	1760-07-01		0.0	1.0
273.0	35.0	Newborough, Thomas Wynn	1.0	11.0	106.0			0.0	1.0
274.0	35.0	Newborough, Thomas Wynn	1.0	12.0	107.0			0.0	1.0
275.0	35.0	Newborough, Thomas Wynn	2.0	1.0	37.0	1782-04-01	1791	0.0	106.0
276.0	36.0	Adam, James	1.0	2.0	102.0	1760-06-13	1760-06-13	0.0	1.0
277.0	36.0	Adam, James	1.0	3.0	106.0	1760-06-25	1760-10-20	0.0	5.0
278.0	36.0	Adam, James	1.0	3.1	77.0			0.0	1.0
279.0	36.0	Adam, James	1.0	3.2	70.0			0.0	1.0
280.0	36.0	Adam, James	1.0	3.3	108.0	1760-10-01		0.0	1.0
281.0	36.0	Adam, James	1.0	3.4	107.0			0.0	1.0
282.0	36.0	Adam, James	1.0	4.0	36.0			0.0	1.0
283.0	36.0	Adam, James	1.0	5.0	17.0		1760-11-22	0.0	1.0
284.0	36.0	Adam, James	1.0	6.0	37.0	1760-11-23	1761-02-20	0.0	4.0
285.0	36.0	Adam, James	1.0	6.1	75.0			0.0	1.0
286.0	36.0	Adam, James	1.0	6.2	50.0			0.0	1.0
287.0	36.0	Adam, James	1.0	7.0	90.0			0.0	1.0
288.0	36.0	Adam, James	1.0	8.0	87.0	1761-02-24	1761-08-01	0.0	6.0
289.0	36.0	Adam, James	1.0	9.0	65.0	1761-08-01	1761-12-01	0.0	5.0
290.0	36.0	Adam, James	1.0	9.1	113.0			0.0	1.0
291.0	36.0	Adam, James	1.0	9.2	14.0			0.0	1.0
292.0	36.0	Adam, James	1.0	9.3	80.0			0.0	1.0
293.0	36.0	Adam, James	1.0	9.4	71.0			0.0	1.0
294.0	36.0	Adam, James	1.0	9.5	24.0			0.0	1.0
295.0	36.0	Adam, James	1.0	10.0	87.0	1761-12-13	1763-05-01	0.0	17.0
296.0	36.0	Adam, James	1.0	11.0	37.0			0.0	1.0
297.0	36.0	Adam, James	1.0	12.0	17.0			0.0	1.0
298.0	36.0	Adam, James	1.0	13.0	72.0			0.0	1.0
299.0	37.0	Richardson, George	1.0	1.0	102.0	1760-06-01		0.0	1.0
300.0	37.0	Richardson, George	1.0	2.0	106.0	1760-06-01		0.0	1.0
301.0	37.0	Richardson, George	1.0	3.0	77.0	1760-07-01	1760-09-01	1.0	3.0
302.0	37.0	Richardson, George	1.0	4.0	37.0	1760-10-01		0.0	1.0
303.0	37.0	Richardson, George	1.0	5.0	87.0	1761-02-24	1761-07-01	0.0	5.0
304.0	37.0	Richardson, George	1.0	6.0	65.0	1761-08-01	1761-12-01	0.0	5.0
305.0	37.0	Richardson, George	1.0	7.0	87.0	1761-12-02	1763-05-01	0.0	25.0
306.0	38.0	Baxter, John	1.0	1.0	50.0	1761		0.0	1.0
307.0	38.0	Baxter, John	1.0	2.0	87.0	1761-08-01	1767	0.0	66.0
308.0	39.0	Newton, William	1.0	1.0	87.0	1766-02-01		0.0	1.0
309.0	4.0	Kent, William	1.0	2.0	50.0	1709-10-15		0.0	1.0
310.0	4.0	Kent, William	1.0	3.0	75.0			0.0	1.0
311.0	4.0	Kent, William	1.0	4.0	37.0	1709-11-18	1710-04-01	0.0	5.0
312.0	4.0	Kent, William	1.0	5.0	87.0	1710-04-01	1714-06-06	0.0	52.0
313.0	4.0	Kent, William	1.0	6.0	90.0	1714-06-08		0.0	1.0
314.0	4.0	Kent, William	1.0	7.0	37.0	1714-06-10	1714-07-02	0.0	2.0
315.0	4.0	Kent, William	1.0	8.0	17.0	1714-07-04	1714-07-15	0.0	1.0
316.0	4.0	Kent, William	1.0	9.0	35.0			0.0	1.0
317.0	4.0	Kent, William	1.0	10.0	40.0	1714-07-16		0.0	1.0
318.0	4.0	Kent, William	1.0	11.0	83.0	1714-07-18		0.0	1.0
319.0	4.0	Kent, William	1.0	12.0	36.0	1714-07-20		0.0	1.0
320.0	4.0	Kent, William	1.0	13.0	106.0	1714-07-22	1714-08-07	0.0	2.0
321.0	4.0	Kent, William	1.0	14.0	70.0	1714-08-08		0.0	1.0
322.0	4.0	Kent, William	1.0	15.0	108.0			0.0	1.0
323.0	4.0	Kent, William	1.0	16.0	55.0	1714-09-04		0.0	1.0
324.0	4.0	Kent, William	1.0	17.0	72.0	1714-09-07		0.0	1.0
325.0	4.0	Kent, William	1.0	18.0	87.0	1714-11-24	1716-05-01	0.0	18.0
326.0	4.0	Kent, William	1.0	19.0	65.0	1716-05-01		0.0	1.0
327.0	4.0	Kent, William	1.0	20.0	87.0	1716-06-02	1716-09-12	0.0	4.0
328.0	4.0	Kent, William	1.0	21.0	37.0	1716-09-15	1716-10-27	0.0	2.0
329.0	4.0	Kent, William	1.0	22.0	17.0	1716-10-29	1716-11-06	0.0	2.0
330.0	4.0	Kent, William	1.0	23.0	58.0	1716-11-07	1716-11-14	0.0	1.0
331.0	4.0	Kent, William	1.0	24.0	84.0			0.0	1.0
332.0	4.0	Kent, William	1.0	25.0	72.0	1716-11-18	1716-12-23	0.0	2.0
333.0	4.0	Kent, William	1.0	26.0	58.0	1716-12-24		0.0	1.0
334.0	4.0	Kent, William	1.0	27.0	17.0	1716-12-26		0.0	1.0
335.0	4.0	Kent, William	1.0	28.0	87.0	1717-01-08	1719	0.0	24.0
336.0	4.0	Kent, William	1.0	29.0	37.0			0.0	1.0
337.0	4.0	Kent, William	1.0	30.0	43.0	1719-10-01		0.0	1.0
338.0	40.0	Cameron, Charles	1.0	1.0	17.0			0.0	1.0
339.0	40.0	Cameron, Charles	1.0	2.0	75.0			0.0	1.0
340.0	40.0	Cameron, Charles	1.0	3.0	87.0	1768-09-14		0.0	1.0
341.0	40.0	Cameron, Charles	1.0	4.0	67.0			0.0	1.0
342.0	40.0	Cameron, Charles	1.0	5.0	80.0			0.0	1.0
343.0	41.0	Kirby, William	1.0	1.0	87.0	1768	1770	0.0	25.0
344.0	42.0	Norris, Richard	1.0	1.0	87.0	1769	1769	0.0	1.0
345.0	43.0	Harrison, Thomas	1.0	1.0	87.0	1769	1776	0.0	85.0
346.0	43.0	Harrison, Thomas	1.0	2.0	77.0			1.0	1.0
347.0	43.0	Harrison, Thomas	1.0	3.0	106.0	1776-09-12		0.0	1.0
348.0	44.0	Myres	1.0	1.0	87.0	1769	1769	0.0	1.0
349.0	45.0	Gibson, George	1.0	1.0	47.0			0.0	1.0
350.0	46.0	Lewis, James	1.0	1.0	87.0	1770	1772	0.0	25.0
351.0	46.0	Lewis, James	1.0	1.1	97.0			0.0	1.0
352.0	47.0	O'Brien, Thomas	1.0	4.0	87.0	1770		0.0	1.0
353.0	47.0	O'Brien, Thomas	1.0	5.0	55.0			0.0	1.0
354.0	47.0	O'Brien, Thomas	1.0	6.0	33.0			0.0	1.0
355.0	47.0	O'Brien, Thomas	1.0	7.0	8.0			0.0	1.0
356.0	47.0	O'Brien, Thomas	1.0	8.0	65.0			0.0	1.0
357.0	47.0	O'Brien, Thomas	1.0	9.0	102.0			0.0	1.0
358.0	47.0	O'Brien, Thomas	1.0	10.0	43.0	1778-03-21	1778-07-01	0.0	4.0
359.0	47.0	O'Brien, Thomas	2.0	2.0	33.0	1786-07-24	1789-06-15	0.0	36.0
360.0	47.0	O'Brien, Thomas	2.0	3.0	37.0	1798-09-21		0.0	1.0
361.0	48.0	Shanahan, Michael	1.0	1.0	108.0	1771-05-14		0.0	1.0
362.0	48.0	Shanahan, Michael	1.0	2.0	87.0			0.0	1.0
363.0	48.0	Shanahan, Michael	1.0	3.0	130.0	1771-10-01		0.0	1.0
364.0	49.0	Henderson, John	1.0	1.0	87.0	1774	1778-09-01	0.0	57.0
365.0	49.0	Henderson, John	1.0	2.0	65.0	1778-09-27	1778-11-01	0.0	2.0
366.0	49.0	Henderson, John	1.0	3.0	87.0	1778-11-01	1779-05-26	0.0	8.0
367.0	49.0	Henderson, John	1.0	4.0	106.0	1779-06-20		0.0	1.0
368.0	5.0	Lock, Daniel	1.0	2.0	37.0	1709-08-01	1710-04-01	0.0	9.0
369.0	5.0	Lock, Daniel	1.0	3.0	87.0	1710-04-01	1712-11-05	0.0	33.0
370.0	5.0	Lock, Daniel	1.0	4.0	37.0			0.0	1.0
371.0	50.0	Ebdon, Christopher	1.0	1.0	37.0	1774-05-01	1776-03-01	0.0	23.0
372.0	50.0	Ebdon, Christopher	1.0	2.0	87.0	1776-07-01		0.0	1.0
373.0	50.0	Ebdon, Christopher	1.0	3.0	37.0	1776-08-08	1777-02-15	0.0	7.0
374.0	51.0	Stevens, Edward	1.0	1.0	37.0	1774-01-13		0.0	1.0
375.0	51.0	Stevens, Edward	1.0	2.0	87.0	1774-04-03	1774-08-01	0.0	4.0
376.0	51.0	Stevens, Edward	1.0	3.0	65.0	1774		0.0	1.0
377.0	51.0	Stevens, Edward	1.0	4.0	80.0	1774		0.0	1.0
378.0	51.0	Stevens, Edward	1.0	4.0	87.0		1775-06-27	0.0	1.0
379.0	52.0	Theodosius, Keene	1.0	1.0	87.0	1775		0.0	1.0
380.0	52.0	Theodosius, Keene	1.0	2.0	106.0	1775-06-03		0.0	1.0
381.0	53.0	Hardwick, Thomas	1.0	1.0	86.0	1776-11-06		0.0	1.0
382.0	53.0	Hardwick, Thomas	1.0	2.0	102.0	1776-11-06	1776-11-09	0.0	1.0
383.0	53.0	Hardwick, Thomas	1.0	3.0	57.0	1776-11-10	1776-11-12	0.0	1.0
384.0	53.0	Hardwick, Thomas	1.0	4.0	17.0	1776-11-16	1776-11-18	0.0	1.0
385.0	53.0	Hardwick, Thomas	1.0	5.0	37.0	1776-11-19	1776-11-22	0.0	1.0
386.0	53.0	Hardwick, Thomas	1.0	6.0	87.0	1776-11-27	1778-04-18	0.0	18.0
387.0	53.0	Hardwick, Thomas	1.0	7.0	65.0	1778-04-22	1778-06-04	0.0	3.0
388.0	53.0	Hardwick, Thomas	1.0	7.1	113.0			0.0	1.0
389.0	53.0	Hardwick, Thomas	1.0	7.2	120.0			0.0	1.0
390.0	53.0	Hardwick, Thomas	1.0	7.3	80.0			0.0	1.0
391.0	53.0	Hardwick, Thomas	1.0	7.4	82.0			0.0	1.0
392.0	53.0	Hardwick, Thomas	1.0	7.5	71.0	1778-05-17		0.0	1.0
393.0	53.0	Hardwick, Thomas	1.0	7.6	88.0	1778-05-18		0.0	1.0
394.0	53.0	Hardwick, Thomas	1.0	7.7	24.0	1778-05-23		0.0	1.0
395.0	53.0	Hardwick, Thomas	1.0	7.8	124.0	1778-06-02		0.0	1.0
396.0	53.0	Hardwick, Thomas	1.0	8.0	87.0	1778-06-07		0.0	1.0
397.0	53.0	Hardwick, Thomas	1.0	9.0	65.0	1778-09-27	1778-10-01	0.0	1.0
398.0	53.0	Hardwick, Thomas	1.0	10.0	87.0	1778-10-10	1779-05-26	0.0	8.0
399.0	53.0	Hardwick, Thomas	1.0	10.1	23.0	1778-11-01		0.0	1.0
400.0	53.0	Hardwick, Thomas	1.0	10.2	109.0	1778-11-01		0.0	1.0
401.0	53.0	Hardwick, Thomas	1.0	11.0	106.0	1779-06-20		0.0	1.0
402.0	53.0	Hardwick, Thomas	1.0	12.0	108.0	1779-07-06		0.0	1.0
403.0	53.0	Hardwick, Thomas	1.0	13.0	43.0			0.0	1.0
404.0	54.0	Brettingham, Robert William Furze	1.0	1.0	87.0	1778-05-02	1778-09-01	0.0	4.0
405.0	54.0	Brettingham, Robert William Furze	1.0	2.0	65.0	1778-09-27	1778-10-01	0.0	1.0
406.0	54.0	Brettingham, Robert William Furze	1.0	3.0	87.0	1778-10-10	1781-11-01	0.0	37.0
407.0	54.0	Brettingham, Robert William Furze	1.0	3.1	97.0	1780-01-01		0.0	1.0
408.0	54.0	Brettingham, Robert William Furze	1.0	4.0	65.0	1782-03-01		0.0	1.0
409.0	54.0	Brettingham, Robert William Furze	1.0	5.0	87.0	1782-03-01	1782-06-01	0.0	4.0
410.0	55.0	Soane, John	1.0	3.0	87.0	1778-05-02	1778-12-22	0.0	8.0
411.0	55.0	Soane, John	1.0	4.0	65.0	1778-12-29	1779-01-22	0.0	2.0
412.0	55.0	Soane, John	1.0	5.0	80.0	1779-01-22		0.0	1.0
413.0	55.0	Soane, John	1.0	6.0	71.0	1779-01-27	1779-01-30	0.0	1.0
414.0	55.0	Soane, John	1.0	7.0	88.0	1779-01-27	1779-01-30	0.0	1.0
415.0	55.0	Soane, John	1.0	8.0	65.0	1779-01-31	1779-02-13	0.0	2.0
416.0	55.0	Soane, John	1.0	9.0	71.0	1779-02-14	1779-02-15	0.0	1.0
417.0	55.0	Soane, John	1.0	10.0	79.0			0.0	1.0
418.0	55.0	Soane, John	1.0	11.0	88.0	1779-02-16	1779-02-22	0.0	1.0
419.0	55.0	Soane, John	1.0	12.0	65.0	1779-02-23	1779-03-12	0.0	2.0
420.0	55.0	Soane, John	1.0	13.0	25.0	1779-03-12		0.0	1.0
421.0	55.0	Soane, John	1.0	14.0	42.0	1779-03-14		0.0	1.0
422.0	55.0	Soane, John	1.0	15.0	96.0	1779-03-15		0.0	1.0
423.0	55.0	Soane, John	1.0	16.0	123.0	1779-03-16	1779-03-19	0.0	1.0
424.0	55.0	Soane, John	1.0	17.0	104.0	1779-03-22		0.0	1.0
425.0	55.0	Soane, John	1.0	18.0	1.0	1779-03-23		0.0	1.0
426.0	55.0	Soane, John	1.0	19.0	87.0	1779-03-24	1779-04-12	0.0	2.0
427.0	55.0	Soane, John	1.0	20.0	65.0	1779-04-14	1779-04-21	0.0	1.0
428.0	55.0	Soane, John	1.0	21.0	89.0	1779-04-29	1779-05-23	0.0	2.0
429.0	55.0	Soane, John	1.0	23.0	54.0	1779-05-01	1779-06-02	1.0	3.0
430.0	55.0	Soane, John	1.0	24.0	89.0	1779-06-04	1779-06-20	0.0	1.0
431.0	55.0	Soane, John	1.0	25.0	65.0	1779-07-01	1779-07-06	0.0	2.0
432.0	55.0	Soane, John	1.0	26.0	87.0	1779-07-10	1779-07-31	0.0	1.0
433.0	55.0	Soane, John	1.0	27.0	66.0			0.0	1.0
434.0	55.0	Soane, John	1.0	28.0	52.0			0.0	1.0
435.0	55.0	Soane, John	1.0	29.0	2.0	1779-08-01		0.0	1.0
436.0	55.0	Soane, John	1.0	30.0	17.0	1779-08-16		0.0	1.0
437.0	55.0	Soane, John	1.0	31.0	72.0			0.0	1.0
438.0	55.0	Soane, John	1.0	32.0	57.0			0.0	1.0
439.0	55.0	Soane, John	1.0	33.0	19.0	1779-08-27		0.0	1.0
440.0	55.0	Soane, John	1.0	34.0	107.0			0.0	1.0
441.0	55.0	Soane, John	1.0	35.0	55.0			0.0	1.0
442.0	55.0	Soane, John	1.0	36.0	108.0			0.0	1.0
443.0	55.0	Soane, John	1.0	37.0	70.0	1779-08-01		0.0	1.0
444.0	55.0	Soane, John	1.0	38.0	106.0	1779-09-19		0.0	1.0
445.0	55.0	Soane, John	1.0	39.0	17.0	1779-09-29		0.0	1.0
446.0	55.0	Soane, John	1.0	40.0	37.0	1779-09-01		0.0	1.0
447.0	55.0	Soane, John	1.0	41.0	87.0	1779-10-01	1780-04-19	0.0	8.0
448.0	55.0	Soane, John	1.0	42.0	23.0			0.0	1.0
449.0	55.0	Soane, John	1.0	43.0	90.0	1780-04-19	1780-04-22	0.0	1.0
450.0	55.0	Soane, John	1.0	44.0	37.0	1780-04-23	1780-04-29	0.0	1.0
451.0	55.0	Soane, John	1.0	45.0	17.0	1780-04-30		0.0	1.0
452.0	55.0	Soane, John	1.0	46.0	36.0			0.0	1.0
453.0	55.0	Soane, John	1.0	47.0	70.0	1780-05-01	1780-05-03	0.0	2.0
454.0	55.0	Soane, John	1.0	48.0	108.0	1780-05-03		0.0	1.0
455.0	55.0	Soane, John	1.0	49.0	107.0	1780-05-04	1780-05-08	0.0	1.0
456.0	55.0	Soane, John	1.0	50.0	55.0	1780-05-08		0.0	1.0
457.0	55.0	Soane, John	1.0	51.0	72.0	1780-05-09		0.0	1.0
458.0	55.0	Soane, John	1.0	52.0	57.0	1780-05-10	1780-05-12	0.0	1.0
459.0	55.0	Soane, John	1.0	53.0	73.0	1780-05-13		0.0	1.0
460.0	55.0	Soane, John	1.0	54.0	43.0	1780-05-14	1780-05-19	0.0	1.0
461.0	55.0	Soane, John	1.0	55.0	57.0	1780-05-21	1780-05-22	0.0	1.0
462.0	55.0	Soane, John	1.0	56.0	31.0			0.0	1.0
463.0	56.0	Groves, John Thomas	1.0	1.0	47.0	1780	1790	0.0	121.0
464.0	56.0	Groves, John Thomas	1.0	2.0	97.0			0.0	1.0
465.0	57.0	Reveley, Willey	1.0	1.0	87.0	1784	1785-02-12	0.0	15.0
466.0	57.0	Reveley, Willey	1.0	2.0	6.0			0.0	1.0
467.0	57.0	Reveley, Willey	1.0	3.0	39.0			0.0	1.0
468.0	57.0	Reveley, Willey	1.0	4.0	25.0			0.0	1.0
469.0	57.0	Reveley, Willey	1.0	5.0	7.0			0.0	1.0
470.0	57.0	Reveley, Willey	1.0	6.0	14.0			0.0	1.0
471.0	57.0	Reveley, Willey	1.0	7.0	88.0	1785-02-20		0.0	1.0
472.0	57.0	Reveley, Willey	1.0	8.0	34.0			0.0	1.0
473.0	57.0	Reveley, Willey	1.0	9.0	71.0	1785-02-25		0.0	1.0
474.0	57.0	Reveley, Willey	1.0	10.0	9.0			0.0	1.0
475.0	57.0	Reveley, Willey	1.0	11.0	5.0			0.0	1.0
476.0	57.0	Reveley, Willey	1.0	12.0	27.0			0.0	1.0
477.0	57.0	Reveley, Willey	1.0	13.0	29.0			0.0	1.0
478.0	57.0	Reveley, Willey	1.0	14.0	12.0			0.0	1.0
479.0	57.0	Reveley, Willey	1.0	15.0	98.0			0.0	1.0
480.0	57.0	Reveley, Willey	1.0	16.0	16.0			0.0	1.0
481.0	57.0	Reveley, Willey	1.0	17.0	59.0			0.0	1.0
482.0	57.0	Reveley, Willey	1.0	18.0	45.0			0.0	1.0
483.0	57.0	Reveley, Willey	1.0	19.0	11.0			0.0	1.0
484.0	57.0	Reveley, Willey	1.0	20.0	78.0			0.0	1.0
485.0	57.0	Reveley, Willey	1.0	21.0	60.0			0.0	1.0
486.0	57.0	Reveley, Willey	1.0	22.0	20.0			0.0	1.0
487.0	57.0	Reveley, Willey	1.0	23.0	49.0			0.0	1.0
488.0	57.0	Reveley, Willey	1.0	24.0	69.0	1785-03-26	1785-03-26	0.0	1.0
489.0	57.0	Reveley, Willey	1.0	25.0	54.0			1.0	1.0
490.0	57.0	Reveley, Willey	1.0	26.0	119.0			1.0	1.0
491.0	57.0	Reveley, Willey	1.0	27.0	125.0	1785-07-21		1.0	1.0
492.0	57.0	Reveley, Willey	1.0	28.0	118.0			1.0	1.0
493.0	57.0	Reveley, Willey	1.0	29.0	87.0	1786-09-10	1788	0.0	16.0
494.0	57.0	Reveley, Willey	1.0	30.0	106.0			0.0	1.0
495.0	57.0	Reveley, Willey	1.0	31.0	57.0			0.0	1.0
496.0	57.0	Reveley, Willey	1.0	0.0	2.0			0.0	1.0
497.0	57.0	Reveley, Willey	1.0	0.0	70.0			0.0	1.0
498.0	57.0	Reveley, Willey	1.0	0.0	107.0			0.0	1.0
499.0	57.0	Reveley, Willey	1.0	0.0	37.0			0.0	1.0
500.0	57.0	Reveley, Willey	1.0	0.0	90.0			0.0	1.0
501.0	57.0	Reveley, Willey	1.0	0.0	75.0			0.0	1.0
502.0	57.0	Reveley, Willey	1.0	0.0	17.0			0.0	1.0
503.0	57.0	Reveley, Willey	1.0	0.0	58.0			0.0	1.0
504.0	57.0	Reveley, Willey	1.0	0.0	72.0			0.0	1.0
505.0	57.0	Reveley, Willey	1.0	0.0	43.0			0.0	1.0
506.0	58.0	Johnson, Thomas	1.0	1.0	87.0	1785-03-27		0.0	1.0
507.0	58.0	Johnson, Thomas	1.0	2.0	106.0	1786-11-02		0.0	1.0
508.0	59.0	Bulfinch, Charles	1.0	2.0	37.0	1786	1786	0.0	1.0
509.0	59.0	Bulfinch, Charles	1.0	3.0	87.0	1786	1786	0.0	1.0
510.0	6.0	Herbert, Henry Herbert, Lord	1.0	1.0	102.0	1711-10-01		0.0	1.0
511.0	6.0	Herbert, Henry Herbert, Lord	1.0	2.0	70.0	1712-01-28		0.0	1.0
512.0	6.0	Herbert, Henry Herbert, Lord	1.0	3.0	106.0	1712-02-01	1712-04-29	0.0	4.0
513.0	6.0	Herbert, Henry Herbert, Lord	1.0	4.0	87.0	1712-06-25	1712-08-01	0.0	2.0
514.0	6.0	Herbert, Henry Herbert, Lord	1.0	5.0	65.0	1712-08-01	1712-09-09	0.0	3.0
515.0	6.0	Herbert, Henry Herbert, Lord	1.0	6.0	87.0		1712-10-01	0.0	1.0
516.0	6.0	Herbert, Henry Herbert, Lord	1.0	7.0	37.0			0.0	1.0
517.0	6.0	Herbert, Henry Herbert, Lord	1.0	8.0	106.0	1713-07-01		0.0	1.0
518.0	60.0	Saunders, George	1.0	1.0	87.0	1787-12-01		0.0	1.0
519.0	60.0	Saunders, George	1.0	2.0	65.0	1788-01-07		0.0	1.0
520.0	60.0	Saunders, George	1.0	3.0	87.0	1788-03-23		0.0	1.0
521.0	61.0	Bunce, Samuel	1.0	1.0	87.0	1789-04-12		0.0	1.0
522.0	61.0	Bunce, Samuel	1.0	2.0	37.0	1789-07-01		0.0	1.0
523.0	61.0	Bunce, Samuel	1.0	3.0	87.0	1789-12-01		0.0	1.0
524.0	61.0	Bunce, Samuel	1.0	4.0	65.0			0.0	1.0
525.0	61.0	Bunce, Samuel	1.0	5.0	87.0	1789-03-01	1790-04-01	0.0	14.0
526.0	61.0	Bunce, Samuel	1.0	6.0	57.0	1790-06-01		0.0	1.0
527.0	62.0	Craig, John	1.0	1.0	47.0			0.0	1.0
528.0	63.0	Hope, Thomas	1.0	1.0	87.0	1791-12-01	1792-01-01	0.0	2.0
529.0	63.0	Hope, Thomas	1.0	2.0	65.0			0.0	1.0
530.0	63.0	Hope, Thomas	1.0	3.0	89.0			0.0	1.0
531.0	63.0	Hope, Thomas	1.0	4.0	87.0	1792-04-01		0.0	1.0
532.0	63.0	Hope, Thomas	2.0	2.0	87.0	1795-12-14	1796-03-01	0.0	3.0
533.0	63.0	Hope, Thomas	3.0	1.0	65.0			0.0	1.0
534.0	63.0	Hope, Thomas	3.0	2.0	87.0	1803-01-01	1803-03-01	0.0	3.0
535.0	63.0	Hope, Thomas	4.0	1.0	65.0			0.0	1.0
536.0	63.0	Hope, Thomas	4.0	2.0	87.0			0.0	1.0
537.0	64.0	Hadfield, George	1.0	1.0	37.0	1763	1779	0.0	193.0
538.0	64.0	Hadfield, George	2.0	1.0	106.0			0.0	1.0
539.0	64.0	Hadfield, George	2.0	2.0	87.0	1790-09-03	1794	0.0	40.0
540.0	65.0	Playfair, James	1.0	1.0	87.0	1791-10-01	1792-03-11	0.0	7.0
541.0	65.0	Playfair, James	1.0	2.0	65.0	1792-03-01		0.0	1.0
542.0	65.0	Playfair, James	1.0	3.0	87.0	1792-04-02	1792-04-15	0.0	1.0
543.0	65.0	Playfair, James	2.0	1.0	87.0	1793-04-24		0.0	1.0
544.0	66.0	Sandys, Francis	1.0	1.0	87.0	1791-09-03	1796-04-01	0.0	55.0
545.0	66.0	Sandys, Francis	1.0	2.0	108.0			0.0	1.0
546.0	66.0	Sandys, Francis	1.0	3.0	107.0	1796-04-16	1796-04-21	0.0	1.0
547.0	67.0	Golden, R.	1.0	1.0	87.0	1793	1794	0.0	13.0
548.0	68.0	Gandy, Joseph Michael	1.0	2.0	50.0	1794-06-21		0.0	1.0
549.0	68.0	Gandy, Joseph Michael	1.0	3.0	87.0	1794-07-01		0.0	1.0
550.0	68.0	Gandy, Joseph Michael	1.0	3.1	97.0	1794		0.0	1.0
551.0	68.0	Gandy, Joseph Michael	1.0	3.2	1.0	1794		0.0	1.0
552.0	68.0	Gandy, Joseph Michael	1.0	3.3	104.0	1795		0.0	1.0
553.0	68.0	Gandy, Joseph Michael	1.0	3.4	115.0	1795		0.0	1.0
554.0	68.0	Gandy, Joseph Michael	1.0	3.5	122.0			0.0	1.0
555.0	68.0	Gandy, Joseph Michael	1.0	3.6	41.0			0.0	1.0
556.0	68.0	Gandy, Joseph Michael	1.0	3.7	56.0			0.0	1.0
557.0	68.0	Gandy, Joseph Michael	1.0	3.8	6.0			0.0	1.0
558.0	68.0	Gandy, Joseph Michael	1.0	4.0	110.0	1795-11-01	1795-12-01	0.0	2.0
559.0	68.0	Gandy, Joseph Michael	1.0	4.1	68.0			0.0	1.0
560.0	68.0	Gandy, Joseph Michael	1.0	4.2	93.0			0.0	1.0
561.0	68.0	Gandy, Joseph Michael	1.0	4.3	94.0			0.0	1.0
562.0	68.0	Gandy, Joseph Michael	1.0	4.4	10.0			0.0	1.0
563.0	68.0	Gandy, Joseph Michael	1.0	4.5	99.0			0.0	1.0
564.0	68.0	Gandy, Joseph Michael	1.0	4.6	28.0			0.0	1.0
565.0	68.0	Gandy, Joseph Michael	1.0	4.7	22.0			0.0	1.0
566.0	68.0	Gandy, Joseph Michael	1.0	4.8	46.0			0.0	1.0
567.0	68.0	Gandy, Joseph Michael	1.0	4.9	62.0			0.0	1.0
568.0	68.0	Gandy, Joseph Michael	1.0	4.1	81.0			0.0	1.0
569.0	68.0	Gandy, Joseph Michael	1.0	5.0	87.0		1796-03-01	0.0	1.0
570.0	68.0	Gandy, Joseph Michael	1.0	6.0	65.0	1796-03-01	1796-05-01	0.0	3.0
571.0	68.0	Gandy, Joseph Michael	1.0	7.0	87.0	1796-05-01	1797-05-01	0.0	13.0
572.0	68.0	Gandy, Joseph Michael	1.0	8.0	37.0			0.0	1.0
573.0	69.0	Tatham, Charles Heathcote	1.0	2.0	50.0	1794-06-21		0.0	1.0
574.0	69.0	Tatham, Charles Heathcote	1.0	3.0	90.0			0.0	1.0
575.0	69.0	Tatham, Charles Heathcote	1.0	4.0	87.0	1794-07-01	1795-10-01	0.0	16.0
576.0	69.0	Tatham, Charles Heathcote	1.0	5.0	104.0			0.0	1.0
577.0	69.0	Tatham, Charles Heathcote	1.0	5.0	65.0	1795-11-09		0.0	1.0
578.0	69.0	Tatham, Charles Heathcote	1.0	5.1	80.0			0.0	1.0
579.0	69.0	Tatham, Charles Heathcote	1.0	5.2	120.0			0.0	1.0
580.0	69.0	Tatham, Charles Heathcote	1.0	5.3	71.0			0.0	1.0
581.0	69.0	Tatham, Charles Heathcote	1.0	5.4	113.0			0.0	1.0
582.0	69.0	Tatham, Charles Heathcote	1.0	6.0	87.0	1795	1796-07-01	0.0	19.0
583.0	69.0	Tatham, Charles Heathcote	1.0	7.0	83.0			0.0	1.0
584.0	69.0	Tatham, Charles Heathcote	1.0	8.0	106.0	1796-07-13		0.0	1.0
585.0	69.0	Tatham, Charles Heathcote	1.0	9.0	108.0			0.0	1.0
586.0	69.0	Tatham, Charles Heathcote	1.0	10.0	106.0	1796-07-25		0.0	1.0
587.0	69.0	Tatham, Charles Heathcote	1.0	11.0	101.0	1796-08-01		0.0	1.0
588.0	7.0	Burlington, Richard Boyle, 3rd Earl of	1.0	2.0	61.0	1714-09-08		0.0	1.0
589.0	7.0	Burlington, Richard Boyle, 3rd Earl of	1.0	3.0	102.0	1714-09-11	1714-09-12	0.0	1.0
590.0	7.0	Burlington, Richard Boyle, 3rd Earl of	1.0	4.0	43.0	1714-09-15	1714-09-21	0.0	1.0
591.0	7.0	Burlington, Richard Boyle, 3rd Earl of	1.0	5.0	51.0	1714-09-22		0.0	1.0
592.0	7.0	Burlington, Richard Boyle, 3rd Earl of	1.0	6.0	75.0	1714-09-23		0.0	1.0
593.0	7.0	Burlington, Richard Boyle, 3rd Earl of	1.0	7.0	50.0	1714-09-24	1714-09-26	0.0	1.0
594.0	7.0	Burlington, Richard Boyle, 3rd Earl of	1.0	8.0	90.0	1714-09-27		0.0	1.0
595.0	7.0	Burlington, Richard Boyle, 3rd Earl of	1.0	9.0	87.0	1714-09-29	1715-02-04	0.0	6.0
596.0	7.0	Burlington, Richard Boyle, 3rd Earl of	1.0	10.0	18.0	1715-02-06		0.0	1.0
597.0	7.0	Burlington, Richard Boyle, 3rd Earl of	1.0	11.0	50.0	1715-02-10	1715-02-11	0.0	1.0
598.0	7.0	Burlington, Richard Boyle, 3rd Earl of	1.0	12.0	37.0	1715-02-14	1715-02-16	0.0	1.0
599.0	7.0	Burlington, Richard Boyle, 3rd Earl of	1.0	13.0	17.0	1715-02-20	1715-02-21	0.0	1.0
600.0	7.0	Burlington, Richard Boyle, 3rd Earl of	1.0	14.0	70.0	1715-02-24		0.0	1.0
601.0	7.0	Burlington, Richard Boyle, 3rd Earl of	1.0	15.0	106.0	1715-02-25	1715-03-05	0.0	2.0
602.0	7.0	Burlington, Richard Boyle, 3rd Earl of	1.0	16.0	70.0	1715-03-06		0.0	1.0
603.0	7.0	Burlington, Richard Boyle, 3rd Earl of	1.0	17.0	108.0			0.0	1.0
604.0	7.0	Burlington, Richard Boyle, 3rd Earl of	1.0	18.0	107.0	1715-03-07		0.0	1.0
605.0	7.0	Burlington, Richard Boyle, 3rd Earl of	1.0	19.0	57.0	1715-03-10		0.0	1.0
606.0	7.0	Burlington, Richard Boyle, 3rd Earl of	1.0	20.0	102.0	1715-03-12	1715-03-14	0.0	1.0
607.0	7.0	Burlington, Richard Boyle, 3rd Earl of	2.0	1.0	43.0	1719-10-01		0.0	1.0
608.0	7.0	Burlington, Richard Boyle, 3rd Earl of	2.0	2.0	108.0			0.0	1.0
609.0	7.0	Burlington, Richard Boyle, 3rd Earl of	2.0	3.0	106.0	1719-10-21	1719-11-01	0.0	1.0
610.0	7.0	Burlington, Richard Boyle, 3rd Earl of	2.0	4.0	108.0	1719-11-03		0.0	1.0
611.0	7.0	Burlington, Richard Boyle, 3rd Earl of	2.0	5.0	102.0	1719-11-06		0.0	1.0
612.0	8.0	Mar, John Erskine, 6th Earl of	1.0	1.0	70.0			0.0	1.0
613.0	8.0	Mar, John Erskine, 6th Earl of	1.0	2.0	106.0	1717-11-07	1717-11-13	0.0	1.0
614.0	8.0	Mar, John Erskine, 6th Earl of	1.0	3.0	17.0	1717-11-17		0.0	1.0
615.0	8.0	Mar, John Erskine, 6th Earl of	1.0	4.0	103.0	1717-11-25	1718-03-28	0.0	5.0
616.0	8.0	Mar, John Erskine, 6th Earl of	1.0	5.0	87.0	1718-03-01	1718-05-01	0.0	3.0
617.0	8.0	Mar, John Erskine, 6th Earl of	1.0	5.1	41.0	1718-04-01		0.0	1.0
618.0	8.0	Mar, John Erskine, 6th Earl of	1.0	6.0	103.0	1718-05-01	1718-07-01	0.0	3.0
619.0	8.0	Mar, John Erskine, 6th Earl of	1.0	7.0	87.0			0.0	1.0
620.0	8.0	Mar, John Erskine, 6th Earl of	1.0	8.0	57.0	1719-02-01	1719-03-01	0.0	2.0
621.0	8.0	Mar, John Erskine, 6th Earl of	1.0	9.0	87.0	1719-04-09		0.0	1.0
622.0	9.0	Pearce, Sir Edward Lovett	1.0	1.0	37.0	1723-09-01		0.0	1.0
623.0	9.0	Pearce, Sir Edward Lovett	1.0	2.0	17.0	1724-04-01		0.0	1.0
624.0	9.0	Pearce, Sir Edward Lovett	1.0	3.0	106.0	1724-04-18		0.0	1.0
625.0	9.0	Pearce, Sir Edward Lovett	1.0	4.0	105.0			0.0	1.0
626.0	9.0	Pearce, Sir Edward Lovett	1.0	5.0	102.0	1724-05-18		0.0	1.0
